Date,Origin,Residence permit,Male,Female
1998-12-31,Europe,Right of resid. acc.to EU Law on Freedom of Movem.,1043027,831625
1998-12-31,Europe,Exempted from requirem. to have a residence title,44693,35154
1998-12-31,Europe,Unlimited settlement permit,985205,849008
1998-12-31,Europe,Temporary residence permit,702740,683003
1998-12-31,Europe,"Temp.resid.permit f.special reasons,national visas",702740,683003
1998-12-31,Europe,Application for residence title filed,219,266
1998-12-31,Europe,Temporary suspension of deportation,113952,91338
1998-12-31,Europe,Permission to reside,80729,48465
1998-12-31,Europe,"No res.title, temp.susp. of dep. or perm.to reside",263961,165173
1998-12-31,Africa,Right of resid. acc.to EU Law on Freedom of Movem.,1810,963
1998-12-31,Africa,Exempted from requirem. to have a residence title,2223,1836
1998-12-31,Africa,Unlimited settlement permit,53711,27920
1998-12-31,Africa,Temporary residence permit,67094,43309
1998-12-31,Africa,"Temp.resid.permit f.special reasons,national visas",67094,43309
1998-12-31,Africa,Application for residence title filed,55,24
1998-12-31,Africa,Temporary suspension of deportation,11691,3952
1998-12-31,Africa,Permission to reside,20674,8346
1998-12-31,Africa,"No res.title, temp.susp. of dep. or perm.to reside",43818,15667
1998-12-31,America,Right of resid. acc.to EU Law on Freedom of Movem.,1694,2703
1998-12-31,America,Exempted from requirem. to have a residence title,2111,1178
1998-12-31,America,Unlimited settlement permit,36354,38197
1998-12-31,America,Temporary residence permit,42201,45878
1998-12-31,America,"Temp.resid.permit f.special reasons,national visas",42201,45878
1998-12-31,America,Application for residence title filed,66,53
1998-12-31,America,Temporary suspension of deportation,158,210
1998-12-31,America,Permission to reside,249,174
1998-12-31,America,"No res.title, temp.susp. of dep. or perm.to reside",14578,13452
1998-12-31,Asia,Right of resid. acc.to EU Law on Freedom of Movem.,1791,1736
1998-12-31,Asia,Exempted from requirem. to have a residence title,478,494
1998-12-31,Asia,Unlimited settlement permit,120305,101894
1998-12-31,Asia,Temporary residence permit,165741,156378
1998-12-31,Asia,"Temp.resid.permit f.special reasons,national visas",165741,156378
1998-12-31,Asia,Application for residence title filed,84,93
1998-12-31,Asia,Temporary suspension of deportation,26999,16086
1998-12-31,Asia,Permission to reside,49247,26981
1998-12-31,Asia,"No res.title, temp.susp. of dep. or perm.to reside",79439,48098
1998-12-31,Australia and Oceania,Right of resid. acc.to EU Law on Freedom of Movem.,120,159
1998-12-31,Australia and Oceania,Exempted from requirem. to have a residence title,29,21
1998-12-31,Australia and Oceania,Unlimited settlement permit,1533,1674
1998-12-31,Australia and Oceania,Temporary residence permit,2944,2203
1998-12-31,Australia and Oceania,"Temp.resid.permit f.special reasons,national visas",2944,2203
1998-12-31,Australia and Oceania,Application for residence title filed,1,4
1998-12-31,Australia and Oceania,Temporary suspension of deportation,4,4
1998-12-31,Australia and Oceania,"No res.title, temp.susp. of dep. or perm.to reside",638,571
1999-12-31,Europe,Right of resid. acc.to EU Law on Freedom of Movem.,1044231,836584
1999-12-31,Europe,Exempted from requirem. to have a residence title,36753,28671
1999-12-31,Europe,Unlimited settlement permit,996185,867734
1999-12-31,Europe,Temporary residence permit,706726,687444
1999-12-31,Europe,"Temp.resid.permit f.special reasons,national visas",706726,687444
1999-12-31,Europe,Application for residence title filed,794,692
1999-12-31,Europe,Temporary suspension of deportation,113219,91238
1999-12-31,Europe,Permission to reside,74855,51216
1999-12-31,Europe,"No res.title, temp.susp. of dep. or perm.to reside",240854,153040
1999-12-31,Africa,Right of resid. acc.to EU Law on Freedom of Movem.,2000,1075
1999-12-31,Africa,Exempted from requirem. to have a residence title,1834,1534
1999-12-31,Africa,Unlimited settlement permit,55535,28614
1999-12-31,Africa,Temporary residence permit,68886,45367
1999-12-31,Africa,"Temp.resid.permit f.special reasons,national visas",68886,45367
1999-12-31,Africa,Application for residence title filed,120,49
1999-12-31,Africa,Temporary suspension of deportation,13120,5012
1999-12-31,Africa,Permission to reside,16061,7020
1999-12-31,Africa,"No res.title, temp.susp. of dep. or perm.to reside",39347,14870
1999-12-31,America,Right of resid. acc.to EU Law on Freedom of Movem.,1816,2977
1999-12-31,America,Exempted from requirem. to have a residence title,2121,1187
1999-12-31,America,Unlimited settlement permit,37281,40037
1999-12-31,America,Temporary residence permit,43371,47916
1999-12-31,America,"Temp.resid.permit f.special reasons,national visas",43371,47916
1999-12-31,America,Application for residence title filed,148,142
1999-12-31,America,Temporary suspension of deportation,174,261
1999-12-31,America,Permission to reside,277,169
1999-12-31,America,"No res.title, temp.susp. of dep. or perm.to reside",14266,13170
1999-12-31,Asia,Right of resid. acc.to EU Law on Freedom of Movem.,1899,1970
1999-12-31,Asia,Exempted from requirem. to have a residence title,429,435
1999-12-31,Asia,Unlimited settlement permit,124658,109159
1999-12-31,Asia,Temporary residence permit,175613,168666
1999-12-31,Asia,"Temp.resid.permit f.special reasons,national visas",175613,168666
1999-12-31,Asia,Application for residence title filed,250,329
1999-12-31,Asia,Temporary suspension of deportation,30899,19227
1999-12-31,Asia,Permission to reside,42883,24564
1999-12-31,Asia,"No res.title, temp.susp. of dep. or perm.to reside",75532,46169
1999-12-31,Australia and Oceania,Right of resid. acc.to EU Law on Freedom of Movem.,112,166
1999-12-31,Australia and Oceania,Exempted from requirem. to have a residence title,28,22
1999-12-31,Australia and Oceania,Unlimited settlement permit,1561,1691
1999-12-31,Australia and Oceania,Temporary residence permit,2981,2286
1999-12-31,Australia and Oceania,"Temp.resid.permit f.special reasons,national visas",2981,2286
1999-12-31,Australia and Oceania,Application for residence title filed,5,7
1999-12-31,Australia and Oceania,Temporary suspension of deportation,6,3
1999-12-31,Australia and Oceania,Permission to reside,1,1
1999-12-31,Australia and Oceania,"No res.title, temp.susp. of dep. or perm.to reside",611,532
2000-12-31,Europe,Right of resid. acc.to EU Law on Freedom of Movem.,1050494,846212
2000-12-31,Europe,Exempted from requirem. to have a residence title,32605,25286
2000-12-31,Europe,Unlimited settlement permit,1006803,886807
2000-12-31,Europe,Temporary residence permit,703776,689015
2000-12-31,Europe,"Temp.resid.permit f.special reasons,national visas",703776,689015
2000-12-31,Europe,Application for residence title filed,1191,1195
2000-12-31,Europe,Temporary suspension of deportation,89906,77772
2000-12-31,Europe,Permission to reside,47829,33842
2000-12-31,Europe,"No res.title, temp.susp. of dep. or perm.to reside",222998,141978
2000-12-31,Africa,Right of resid. acc.to EU Law on Freedom of Movem.,2181,1236
2000-12-31,Africa,Exempted from requirem. to have a residence title,1672,1376
2000-12-31,Africa,Unlimited settlement permit,56209,28890
2000-12-31,Africa,Temporary residence permit,71459,48996
2000-12-31,Africa,"Temp.resid.permit f.special reasons,national visas",71459,48996
2000-12-31,Africa,Application for residence title filed,207,116
2000-12-31,Africa,Temporary suspension of deportation,12546,4920
2000-12-31,Africa,Permission to reside,13157,5449
2000-12-31,Africa,"No res.title, temp.susp. of dep. or perm.to reside",36505,13997
2000-12-31,America,Right of resid. acc.to EU Law on Freedom of Movem.,2011,3387
2000-12-31,America,Exempted from requirem. to have a residence title,2153,1226
2000-12-31,America,Unlimited settlement permit,38032,41909
2000-12-31,America,Temporary residence permit,45061,50651
2000-12-31,America,"Temp.resid.permit f.special reasons,national visas",45061,50651
2000-12-31,America,Application for residence title filed,243,223
2000-12-31,America,Temporary suspension of deportation,174,225
2000-12-31,America,Permission to reside,285,194
2000-12-31,America,"No res.title, temp.susp. of dep. or perm.to reside",14248,13209
2000-12-31,Asia,Right of resid. acc.to EU Law on Freedom of Movem.,1980,2231
2000-12-31,Asia,Exempted from requirem. to have a residence title,404,416
2000-12-31,Asia,Unlimited settlement permit,118793,110441
2000-12-31,Asia,Temporary residence permit,189979,184608
2000-12-31,Asia,"Temp.resid.permit f.special reasons,national visas",189979,184608
2000-12-31,Asia,Application for residence title filed,511,563
2000-12-31,Asia,Temporary suspension of deportation,29215,17004
2000-12-31,Asia,Permission to reside,41729,23886
2000-12-31,Asia,"No res.title, temp.susp. of dep. or perm.to reside",74465,44628
2000-12-31,Australia and Oceania,Right of resid. acc.to EU Law on Freedom of Movem.,122,191
2000-12-31,Australia and Oceania,Exempted from requirem. to have a residence title,29,22
2000-12-31,Australia and Oceania,Unlimited settlement permit,1590,1729
2000-12-31,Australia and Oceania,Temporary residence permit,3176,2367
2000-12-31,Australia and Oceania,"Temp.resid.permit f.special reasons,national visas",3176,2367
2000-12-31,Australia and Oceania,Application for residence title filed,4,13
2000-12-31,Australia and Oceania,Temporary suspension of deportation,7,2
2000-12-31,Australia and Oceania,Permission to reside,1,1
2000-12-31,Australia and Oceania,"No res.title, temp.susp. of dep. or perm.to reside",602,533
2001-12-31,Europe,Right of resid. acc.to EU Law on Freedom of Movem.,1047589,848077
2001-12-31,Europe,Exempted from requirem. to have a residence title,29017,22525
2001-12-31,Europe,Unlimited settlement permit,1021747,914268
2001-12-31,Europe,Temporary residence permit,705885,701566
2001-12-31,Europe,"Temp.resid.permit f.special reasons,national visas",705885,701566
2001-12-31,Europe,Application for residence title filed,1475,1505
2001-12-31,Europe,Temporary suspension of deportation,73526,65009
2001-12-31,Europe,Permission to reside,43295,29202
2001-12-31,Europe,"No res.title, temp.susp. of dep. or perm.to reside",202066,127856
2001-12-31,Africa,Right of resid. acc.to EU Law on Freedom of Movem.,2277,1361
2001-12-31,Africa,Exempted from requirem. to have a residence title,1504,1247
2001-12-31,Africa,Unlimited settlement permit,56930,29704
2001-12-31,Africa,Temporary residence permit,73430,51610
2001-12-31,Africa,"Temp.resid.permit f.special reasons,national visas",73430,51610
2001-12-31,Africa,Application for residence title filed,241,141
2001-12-31,Africa,Temporary suspension of deportation,13308,5070
2001-12-31,Africa,Permission to reside,12959,5175
2001-12-31,Africa,"No res.title, temp.susp. of dep. or perm.to reside",33962,13236
2001-12-31,America,Right of resid. acc.to EU Law on Freedom of Movem.,2105,3698
2001-12-31,America,Exempted from requirem. to have a residence title,2200,1267
2001-12-31,America,Unlimited settlement permit,38773,43810
2001-12-31,America,Temporary residence permit,46509,52780
2001-12-31,America,"Temp.resid.permit f.special reasons,national visas",46509,52780
2001-12-31,America,Application for residence title filed,270,223
2001-12-31,America,Temporary suspension of deportation,194,227
2001-12-31,America,Permission to reside,267,193
2001-12-31,America,"No res.title, temp.susp. of dep. or perm.to reside",13762,12557
2001-12-31,Asia,Right of resid. acc.to EU Law on Freedom of Movem.,1998,2437
2001-12-31,Asia,Exempted from requirem. to have a residence title,402,430
2001-12-31,Asia,Unlimited settlement permit,116975,115001
2001-12-31,Asia,Temporary residence permit,209664,201459
2001-12-31,Asia,"Temp.resid.permit f.special reasons,national visas",209664,201459
2001-12-31,Asia,Application for residence title filed,770,749
2001-12-31,Asia,Temporary suspension of deportation,31139,17347
2001-12-31,Asia,Permission to reside,42069,22222
2001-12-31,Asia,"No res.title, temp.susp. of dep. or perm.to reside",70602,42112
2001-12-31,Australia and Oceania,Right of resid. acc.to EU Law on Freedom of Movem.,138,217
2001-12-31,Australia and Oceania,Exempted from requirem. to have a residence title,27,28
2001-12-31,Australia and Oceania,Unlimited settlement permit,1609,1764
2001-12-31,Australia and Oceania,Temporary residence permit,3531,2597
2001-12-31,Australia and Oceania,"Temp.resid.permit f.special reasons,national visas",3531,2597
2001-12-31,Australia and Oceania,Application for residence title filed,25,19
2001-12-31,Australia and Oceania,Temporary suspension of deportation,8,4
2001-12-31,Australia and Oceania,Permission to reside,9,1
2001-12-31,Australia and Oceania,"No res.title, temp.susp. of dep. or perm.to reside",657,549
2002-12-31,Europe,Right of resid. acc.to EU Law on Freedom of Movem.,1041097,848398
2002-12-31,Europe,Exempted from requirem. to have a residence title,25628,20244
2002-12-31,Europe,Unlimited settlement permit,1037876,945425
2002-12-31,Europe,Temporary residence permit,695484,706977
2002-12-31,Europe,"Temp.resid.permit f.special reasons,national visas",695484,706977
2002-12-31,Europe,Application for residence title filed,1734,1870
2002-12-31,Europe,Temporary suspension of deportation,68103,61749
2002-12-31,Europe,Permission to reside,33390,21951
2002-12-31,Europe,"No res.title, temp.susp. of dep. or perm.to reside",188683,117974
2002-12-31,Africa,Right of resid. acc.to EU Law on Freedom of Movem.,2349,1471
2002-12-31,Africa,Exempted from requirem. to have a residence title,1358,1133
2002-12-31,Africa,Unlimited settlement permit,57675,30968
2002-12-31,Africa,Temporary residence permit,75590,54567
2002-12-31,Africa,"Temp.resid.permit f.special reasons,national visas",75590,54567
2002-12-31,Africa,Application for residence title filed,334,186
2002-12-31,Africa,Temporary suspension of deportation,14291,5471
2002-12-31,Africa,Permission to reside,11914,5153
2002-12-31,Africa,"No res.title, temp.susp. of dep. or perm.to reside",32280,12538
2002-12-31,America,Right of resid. acc.to EU Law on Freedom of Movem.,2217,4000
2002-12-31,America,Exempted from requirem. to have a residence title,2242,1307
2002-12-31,America,Unlimited settlement permit,39430,45745
2002-12-31,America,Temporary residence permit,47924,54217
2002-12-31,America,"Temp.resid.permit f.special reasons,national visas",47924,54217
2002-12-31,America,Application for residence title filed,335,287
2002-12-31,America,Temporary suspension of deportation,211,275
2002-12-31,America,Permission to reside,210,146
2002-12-31,America,"No res.title, temp.susp. of dep. or perm.to reside",13187,12079
2002-12-31,Asia,Right of resid. acc.to EU Law on Freedom of Movem.,1974,2657
2002-12-31,Asia,Exempted from requirem. to have a residence title,388,427
2002-12-31,Asia,Unlimited settlement permit,114441,119089
2002-12-31,Asia,Temporary residence permit,225458,217100
2002-12-31,Asia,"Temp.resid.permit f.special reasons,national visas",225458,217100
2002-12-31,Asia,Application for residence title filed,877,903
2002-12-31,Asia,Temporary suspension of deportation,33088,18386
2002-12-31,Asia,Permission to reside,37212,20029
2002-12-31,Asia,"No res.title, temp.susp. of dep. or perm.to reside",67397,39459
2002-12-31,Australia and Oceania,Right of resid. acc.to EU Law on Freedom of Movem.,161,221
2002-12-31,Australia and Oceania,Exempted from requirem. to have a residence title,26,31
2002-12-31,Australia and Oceania,Unlimited settlement permit,1631,1823
2002-12-31,Australia and Oceania,Temporary residence permit,3891,2748
2002-12-31,Australia and Oceania,"Temp.resid.permit f.special reasons,national visas",3891,2748
2002-12-31,Australia and Oceania,Application for residence title filed,31,34
2002-12-31,Australia and Oceania,Temporary suspension of deportation,5,4
2002-12-31,Australia and Oceania,"No res.title, temp.susp. of dep. or perm.to reside",681,541
2003-12-31,Europe,Right of resid. acc.to EU Law on Freedom of Movem.,1032854,845857
2003-12-31,Europe,Exempted from requirem. to have a residence title,24081,19109
2003-12-31,Europe,Unlimited settlement permit,1054230,976097
2003-12-31,Europe,Temporary residence permit,681630,710201
2003-12-31,Europe,"Temp.resid.permit f.special reasons,national visas",681630,710201
2003-12-31,Europe,Application for residence title filed,2127,2343
2003-12-31,Europe,Temporary suspension of deportation,64302,59796
2003-12-31,Europe,Permission to reside,22738,15253
2003-12-31,Europe,"No res.title, temp.susp. of dep. or perm.to reside",178599,110900
2003-12-31,Africa,Right of resid. acc.to EU Law on Freedom of Movem.,2449,1583
2003-12-31,Africa,Exempted from requirem. to have a residence title,1300,1084
2003-12-31,Africa,Unlimited settlement permit,58126,32060
2003-12-31,Africa,Temporary residence permit,76924,57036
2003-12-31,Africa,"Temp.resid.permit f.special reasons,national visas",76924,57036
2003-12-31,Africa,Application for residence title filed,591,368
2003-12-31,Africa,Temporary suspension of deportation,14981,6056
2003-12-31,Africa,Permission to reside,10123,4579
2003-12-31,Africa,"No res.title, temp.susp. of dep. or perm.to reside",30590,11976
2003-12-31,America,Right of resid. acc.to EU Law on Freedom of Movem.,2328,4247
2003-12-31,America,Exempted from requirem. to have a residence title,2769,1675
2003-12-31,America,Unlimited settlement permit,39896,47627
2003-12-31,America,Temporary residence permit,48863,55337
2003-12-31,America,"Temp.resid.permit f.special reasons,national visas",48863,55337
2003-12-31,America,Application for residence title filed,471,384
2003-12-31,America,Temporary suspension of deportation,217,271
2003-12-31,America,Permission to reside,161,115
2003-12-31,America,"No res.title, temp.susp. of dep. or perm.to reside",12553,11525
2003-12-31,Asia,Right of resid. acc.to EU Law on Freedom of Movem.,2000,2848
2003-12-31,Asia,Exempted from requirem. to have a residence title,458,469
2003-12-31,Asia,Unlimited settlement permit,113067,123779
2003-12-31,Asia,Temporary residence permit,233721,227950
2003-12-31,Asia,"Temp.resid.permit f.special reasons,national visas",233721,227950
2003-12-31,Asia,Application for residence title filed,1644,1373
2003-12-31,Asia,Temporary suspension of deportation,36552,20121
2003-12-31,Asia,Permission to reside,29355,15872
2003-12-31,Asia,"No res.title, temp.susp. of dep. or perm.to reside",63104,36536
2003-12-31,Australia and Oceania,Right of resid. acc.to EU Law on Freedom of Movem.,156,222
2003-12-31,Australia and Oceania,Exempted from requirem. to have a residence title,44,51
2003-12-31,Australia and Oceania,Unlimited settlement permit,1684,1884
2003-12-31,Australia and Oceania,Temporary residence permit,3975,2827
2003-12-31,Australia and Oceania,"Temp.resid.permit f.special reasons,national visas",3975,2827
2003-12-31,Australia and Oceania,Application for residence title filed,47,45
2003-12-31,Australia and Oceania,Temporary suspension of deportation,6,4
2003-12-31,Australia and Oceania,"No res.title, temp.susp. of dep. or perm.to reside",668,515
2004-12-31,Europe,Right of resid. acc.to EU Law on Freedom of Movem.,1124250,1007756
2004-12-31,Europe,Exempted from requirem. to have a residence title,8885,7300
2004-12-31,Europe,Unlimited settlement permit,977565,864034
2004-12-31,Europe,Temporary residence permit,521405,572910
2004-12-31,Europe,"Temp.resid.permit f.special reasons,national visas",521405,572910
2004-12-31,Europe,Application for residence title filed,1615,1755
2004-12-31,Europe,Temporary suspension of deportation,51434,48634
2004-12-31,Europe,Permission to reside,14210,9915
2004-12-31,Europe,"No res.title, temp.susp. of dep. or perm.to reside",74235,54105
2004-12-31,Africa,Right of resid. acc.to EU Law on Freedom of Movem.,2485,1647
2004-12-31,Africa,Exempted from requirem. to have a residence title,526,448
2004-12-31,Africa,Unlimited settlement permit,55546,31462
2004-12-31,Africa,Temporary residence permit,71408,55857
2004-12-31,Africa,"Temp.resid.permit f.special reasons,national visas",71408,55857
2004-12-31,Africa,Application for residence title filed,503,352
2004-12-31,Africa,Temporary suspension of deportation,13738,6263
2004-12-31,Africa,Permission to reside,7306,3696
2004-12-31,Africa,"No res.title, temp.susp. of dep. or perm.to reside",16466,8093
2004-12-31,America,Right of resid. acc.to EU Law on Freedom of Movem.,2432,4497
2004-12-31,America,Exempted from requirem. to have a residence title,2236,1295
2004-12-31,America,Unlimited settlement permit,38616,47216
2004-12-31,America,Temporary residence permit,41894,48941
2004-12-31,America,"Temp.resid.permit f.special reasons,national visas",41894,48941
2004-12-31,America,Application for residence title filed,476,441
2004-12-31,America,Temporary suspension of deportation,186,259
2004-12-31,America,Permission to reside,121,88
2004-12-31,America,"No res.title, temp.susp. of dep. or perm.to reside",7268,6921
2004-12-31,Asia,Right of resid. acc.to EU Law on Freedom of Movem.,2081,3087
2004-12-31,Asia,Exempted from requirem. to have a residence title,298,346
2004-12-31,Asia,Unlimited settlement permit,106775,124220
2004-12-31,Asia,Temporary residence permit,214175,218354
2004-12-31,Asia,"Temp.resid.permit f.special reasons,national visas",214175,218354
2004-12-31,Asia,Application for residence title filed,1245,1266
2004-12-31,Asia,Temporary suspension of deportation,38789,21476
2004-12-31,Asia,Permission to reside,17954,10689
2004-12-31,Asia,"No res.title, temp.susp. of dep. or perm.to reside",38029,24495
2004-12-31,Australia and Oceania,Right of resid. acc.to EU Law on Freedom of Movem.,163,232
2004-12-31,Australia and Oceania,Exempted from requirem. to have a residence title,36,41
2004-12-31,Australia and Oceania,Unlimited settlement permit,1631,1805
2004-12-31,Australia and Oceania,Temporary residence permit,2708,2352
2004-12-31,Australia and Oceania,"Temp.resid.permit f.special reasons,national visas",2708,2352
2004-12-31,Australia and Oceania,Application for residence title filed,68,34
2004-12-31,Australia and Oceania,Temporary suspension of deportation,2,3
2004-12-31,Australia and Oceania,"No res.title, temp.susp. of dep. or perm.to reside",428,289
2005-12-31,Europe,Right of resid. acc.to EU Law on Freedom of Movem.,1145194,1029424
2005-12-31,Europe,Exempted from requirem. to have a residence title,7707,6350
2005-12-31,Europe,Unlimited settlement permit,996768,891702
2005-12-31,Europe,Temporary residence permit,492001,560766
2005-12-31,Europe,Temporary residence permit for education purposes,305,327
2005-12-31,Europe,Temporary residence permit for employment purposes,641,215
2005-12-31,Europe,"Temp.res.perm.for reas.of int.law,hum.,pol.reasons",593,565
2005-12-31,Europe,Temporary residence permit for family reasons,2451,3378
2005-12-31,Europe,"Temp.resid.permit f.special reasons,national visas",488011,556281
2005-12-31,Europe,Application for residence title filed,11549,9878
2005-12-31,Europe,Temporary suspension of deportation,45818,42957
2005-12-31,Europe,Permission to reside,8946,6737
2005-12-31,Europe,"No res.title, temp.susp. of dep. or perm.to reside",68115,50921
2005-12-31,Africa,Right of resid. acc.to EU Law on Freedom of Movem.,2593,1792
2005-12-31,Africa,Exempted from requirem. to have a residence title,466,395
2005-12-31,Africa,Unlimited settlement permit,55674,32694
2005-12-31,Africa,Temporary residence permit,68876,56380
2005-12-31,Africa,Temporary residence permit for education purposes,295,106
2005-12-31,Africa,Temporary residence permit for employment purposes,41,19
2005-12-31,Africa,"Temp.res.perm.for reas.of int.law,hum.,pol.reasons",105,116
2005-12-31,Africa,Temporary residence permit for family reasons,291,373
2005-12-31,Africa,"Temp.resid.permit f.special reasons,national visas",68144,55766
2005-12-31,Africa,Application for residence title filed,3534,2158
2005-12-31,Africa,Temporary suspension of deportation,13616,5938
2005-12-31,Africa,Permission to reside,4439,2789
2005-12-31,Africa,"No res.title, temp.susp. of dep. or perm.to reside",14991,7480
2005-12-31,America,Right of resid. acc.to EU Law on Freedom of Movem.,2658,4752
2005-12-31,America,Exempted from requirem. to have a residence title,2171,1255
2005-12-31,America,Unlimited settlement permit,39287,48666
2005-12-31,America,Temporary residence permit,42041,49238
2005-12-31,America,Temporary residence permit for education purposes,118,78
2005-12-31,America,Temporary residence permit for employment purposes,109,68
2005-12-31,America,"Temp.res.perm.for reas.of int.law,hum.,pol.reasons",7,9
2005-12-31,America,Temporary residence permit for family reasons,135,259
2005-12-31,America,"Temp.resid.permit f.special reasons,national visas",41672,48824
2005-12-31,America,Application for residence title filed,1307,1407
2005-12-31,America,Temporary suspension of deportation,194,243
2005-12-31,America,Permission to reside,90,68
2005-12-31,America,"No res.title, temp.susp. of dep. or perm.to reside",7529,7261
2005-12-31,Asia,Right of resid. acc.to EU Law on Freedom of Movem.,2269,3384
2005-12-31,Asia,Exempted from requirem. to have a residence title,269,320
2005-12-31,Asia,Unlimited settlement permit,110168,131278
2005-12-31,Asia,Temporary residence permit,209145,217024
2005-12-31,Asia,Temporary residence permit for education purposes,807,579
2005-12-31,Asia,Temporary residence permit for employment purposes,342,127
2005-12-31,Asia,"Temp.res.perm.for reas.of int.law,hum.,pol.reasons",531,414
2005-12-31,Asia,Temporary residence permit for family reasons,774,1340
2005-12-31,Asia,"Temp.resid.permit f.special reasons,national visas",206691,214564
2005-12-31,Asia,Application for residence title filed,6431,5617
2005-12-31,Asia,Temporary suspension of deportation,39308,21500
2005-12-31,Asia,Permission to reside,11565,7278
2005-12-31,Asia,"No res.title, temp.susp. of dep. or perm.to reside",34596,23076
2005-12-31,Australia and Oceania,Right of resid. acc.to EU Law on Freedom of Movem.,177,238
2005-12-31,Australia and Oceania,Exempted from requirem. to have a residence title,35,43
2005-12-31,Australia and Oceania,Unlimited settlement permit,1676,1808
2005-12-31,Australia and Oceania,Temporary residence permit,2801,2460
2005-12-31,Australia and Oceania,Temporary residence permit for education purposes,3,6
2005-12-31,Australia and Oceania,Temporary residence permit for employment purposes,22,7
2005-12-31,Australia and Oceania,Temporary residence permit for family reasons,6,10
2005-12-31,Australia and Oceania,"Temp.resid.permit f.special reasons,national visas",2770,2437
2005-12-31,Australia and Oceania,Application for residence title filed,84,68
2005-12-31,Australia and Oceania,Temporary suspension of deportation,1,2
2005-12-31,Australia and Oceania,"No res.title, temp.susp. of dep. or perm.to reside",462,295
2006-12-31,Europe,Right of resid. acc.to EU Law on Freedom of Movem.,1170370,1047375
2006-12-31,Europe,Exempted from requirem. to have a residence title,6701,5463
2006-12-31,Europe,Unlimited settlement permit,1006825,914407
2006-12-31,Europe,Temporary residence permit,462129,540165
2006-12-31,Europe,Temporary residence permit for education purposes,15147,23276
2006-12-31,Europe,Temporary residence permit for employment purposes,20060,8463
2006-12-31,Europe,"Temp.res.perm.for reas.of int.law,hum.,pol.reasons",32524,32948
2006-12-31,Europe,Temporary residence permit for family reasons,156781,226946
2006-12-31,Europe,"Temp.resid.permit f.special reasons,national visas",237617,248532
2006-12-31,Europe,Application for residence title filed,14883,12292
2006-12-31,Europe,Temporary suspension of deportation,41429,38671
2006-12-31,Europe,Permission to reside,5266,3947
2006-12-31,Europe,"No res.title, temp.susp. of dep. or perm.to reside",60306,44517
2006-12-31,Africa,Right of resid. acc.to EU Law on Freedom of Movem.,2756,1941
2006-12-31,Africa,Exempted from requirem. to have a residence title,417,369
2006-12-31,Africa,Unlimited settlement permit,56029,34166
2006-12-31,Africa,Temporary residence permit,68633,57859
2006-12-31,Africa,Temporary residence permit for education purposes,13816,4424
2006-12-31,Africa,Temporary residence permit for employment purposes,1909,987
2006-12-31,Africa,"Temp.res.perm.for reas.of int.law,hum.,pol.reasons",7031,6751
2006-12-31,Africa,Temporary residence permit for family reasons,23383,26928
2006-12-31,Africa,"Temp.resid.permit f.special reasons,national visas",22494,18769
2006-12-31,Africa,Application for residence title filed,4467,2556
2006-12-31,Africa,Temporary suspension of deportation,12661,5577
2006-12-31,Africa,Permission to reside,2545,1866
2006-12-31,Africa,"No res.title, temp.susp. of dep. or perm.to reside",12856,6753
2006-12-31,America,Right of resid. acc.to EU Law on Freedom of Movem.,2901,5164
2006-12-31,America,Exempted from requirem. to have a residence title,2066,1161
2006-12-31,America,Unlimited settlement permit,40035,50085
2006-12-31,America,Temporary residence permit,43216,49937
2006-12-31,America,Temporary residence permit for education purposes,7485,7295
2006-12-31,America,Temporary residence permit for employment purposes,7457,4141
2006-12-31,America,"Temp.res.perm.for reas.of int.law,hum.,pol.reasons",224,265
2006-12-31,America,Temporary residence permit for family reasons,9462,17972
2006-12-31,America,"Temp.resid.permit f.special reasons,national visas",18588,20264
2006-12-31,America,Application for residence title filed,1503,1711
2006-12-31,America,Temporary suspension of deportation,203,233
2006-12-31,America,Permission to reside,210,126
2006-12-31,America,"No res.title, temp.susp. of dep. or perm.to reside",7457,7031
2006-12-31,Asia,Right of resid. acc.to EU Law on Freedom of Movem.,2436,3573
2006-12-31,Asia,Exempted from requirem. to have a residence title,263,319
2006-12-31,Asia,Unlimited settlement permit,112505,137330
2006-12-31,Asia,Temporary residence permit,205527,216500
2006-12-31,Asia,Temporary residence permit for education purposes,34867,29402
2006-12-31,Asia,Temporary residence permit for employment purposes,20011,7527
2006-12-31,Asia,"Temp.res.perm.for reas.of int.law,hum.,pol.reasons",35784,26452
2006-12-31,Asia,Temporary residence permit for family reasons,51836,87889
2006-12-31,Asia,"Temp.resid.permit f.special reasons,national visas",63029,65230
2006-12-31,Asia,Application for residence title filed,9422,7684
2006-12-31,Asia,Temporary suspension of deportation,38084,20836
2006-12-31,Asia,Permission to reside,7967,4861
2006-12-31,Asia,"No res.title, temp.susp. of dep. or perm.to reside",29227,20060
2006-12-31,Australia and Oceania,Right of resid. acc.to EU Law on Freedom of Movem.,201,265
2006-12-31,Australia and Oceania,Exempted from requirem. to have a residence title,30,42
2006-12-31,Australia and Oceania,Unlimited settlement permit,1764,1881
2006-12-31,Australia and Oceania,Temporary residence permit,3008,2539
2006-12-31,Australia and Oceania,Temporary residence permit for education purposes,292,326
2006-12-31,Australia and Oceania,Temporary residence permit for employment purposes,814,440
2006-12-31,Australia and Oceania,"Temp.res.perm.for reas.of int.law,hum.,pol.reasons",4,5
2006-12-31,Australia and Oceania,Temporary residence permit for family reasons,513,540
2006-12-31,Australia and Oceania,"Temp.resid.permit f.special reasons,national visas",1385,1228
2006-12-31,Australia and Oceania,Application for residence title filed,113,85
2006-12-31,Australia and Oceania,Temporary suspension of deportation,2,3
2006-12-31,Australia and Oceania,Permission to reside,2,1
2006-12-31,Australia and Oceania,"No res.title, temp.susp. of dep. or perm.to reside",574,317
2007-12-31,Europe,Right of resid. acc.to EU Law on Freedom of Movem.,1239368,1133095
2007-12-31,Europe,Exempted from requirem. to have a residence title,5963,4846
2007-12-31,Europe,Unlimited settlement permit,1005678,909439
2007-12-31,Europe,Temporary residence permit,416900,490982
2007-12-31,Europe,Temporary residence permit for education purposes,10402,15920
2007-12-31,Europe,Temporary residence permit for employment purposes,15610,6845
2007-12-31,Europe,"Temp.res.perm.for reas.of int.law,hum.,pol.reasons",40871,41384
2007-12-31,Europe,Temporary residence permit for family reasons,188308,265471
2007-12-31,Europe,"Temp.resid.permit f.special reasons,national visas",161709,161362
2007-12-31,Europe,Application for residence title filed,15571,12771
2007-12-31,Europe,Temporary suspension of deportation,29256,26586
2007-12-31,Europe,Permission to reside,3278,2293
2007-12-31,Europe,"No res.title, temp.susp. of dep. or perm.to reside",45967,34255
2007-12-31,Africa,Right of resid. acc.to EU Law on Freedom of Movem.,2950,2084
2007-12-31,Africa,Exempted from requirem. to have a residence title,364,325
2007-12-31,Africa,Unlimited settlement permit,56593,35430
2007-12-31,Africa,Temporary residence permit,68326,59729
2007-12-31,Africa,Temporary residence permit for education purposes,14705,4853
2007-12-31,Africa,Temporary residence permit for employment purposes,2329,1306
2007-12-31,Africa,"Temp.res.perm.for reas.of int.law,hum.,pol.reasons",8972,8435
2007-12-31,Africa,Temporary residence permit for family reasons,29385,34459
2007-12-31,Africa,"Temp.resid.permit f.special reasons,national visas",12935,10676
2007-12-31,Africa,Application for residence title filed,5138,3068
2007-12-31,Africa,Temporary suspension of deportation,9954,4275
2007-12-31,Africa,Permission to reside,2018,1421
2007-12-31,Africa,"No res.title, temp.susp. of dep. or perm.to reside",11414,6071
2007-12-31,America,Right of resid. acc.to EU Law on Freedom of Movem.,3205,5649
2007-12-31,America,Exempted from requirem. to have a residence title,1955,1088
2007-12-31,America,Unlimited settlement permit,40478,50953
2007-12-31,America,Temporary residence permit,44181,50428
2007-12-31,America,Temporary residence permit for education purposes,9160,8949
2007-12-31,America,Temporary residence permit for employment purposes,9698,5441
2007-12-31,America,"Temp.res.perm.for reas.of int.law,hum.,pol.reasons",288,357
2007-12-31,America,Temporary residence permit for family reasons,12508,22927
2007-12-31,America,"Temp.resid.permit f.special reasons,national visas",12527,12754
2007-12-31,America,Application for residence title filed,1742,1882
2007-12-31,America,Temporary suspension of deportation,181,204
2007-12-31,America,Permission to reside,77,52
2007-12-31,America,"No res.title, temp.susp. of dep. or perm.to reside",7065,6499
2007-12-31,Asia,Right of resid. acc.to EU Law on Freedom of Movem.,2659,3929
2007-12-31,Asia,Exempted from requirem. to have a residence title,236,272
2007-12-31,Asia,Unlimited settlement permit,115432,143252
2007-12-31,Asia,Temporary residence permit,203247,215423
2007-12-31,Asia,Temporary residence permit for education purposes,38856,33041
2007-12-31,Asia,Temporary residence permit for employment purposes,24755,9205
2007-12-31,Asia,"Temp.res.perm.for reas.of int.law,hum.,pol.reasons",41427,32158
2007-12-31,Asia,Temporary residence permit for family reasons,63670,108268
2007-12-31,Asia,"Temp.resid.permit f.special reasons,national visas",34539,32751
2007-12-31,Asia,Application for residence title filed,12338,10399
2007-12-31,Asia,Temporary suspension of deportation,32181,16896
2007-12-31,Asia,Permission to reside,6704,3446
2007-12-31,Asia,"No res.title, temp.susp. of dep. or perm.to reside",26223,17296
2007-12-31,Australia and Oceania,Right of resid. acc.to EU Law on Freedom of Movem.,226,271
2007-12-31,Australia and Oceania,Exempted from requirem. to have a residence title,25,34
2007-12-31,Australia and Oceania,Unlimited settlement permit,1858,1916
2007-12-31,Australia and Oceania,Temporary residence permit,3056,2587
2007-12-31,Australia and Oceania,Temporary residence permit for education purposes,367,414
2007-12-31,Australia and Oceania,Temporary residence permit for employment purposes,1019,568
2007-12-31,Australia and Oceania,"Temp.res.perm.for reas.of int.law,hum.,pol.reasons",2,8
2007-12-31,Australia and Oceania,Temporary residence permit for family reasons,676,704
2007-12-31,Australia and Oceania,"Temp.resid.permit f.special reasons,national visas",992,893
2007-12-31,Australia and Oceania,Application for residence title filed,129,88
2007-12-31,Australia and Oceania,Temporary suspension of deportation,3,3
2007-12-31,Australia and Oceania,"No res.title, temp.susp. of dep. or perm.to reside",580,334
2008-12-31,Europe,Right of resid. acc.to EU Law on Freedom of Movem.,1250749,1146415
2008-12-31,Europe,Exempted from requirem. to have a residence title,5351,4390
2008-12-31,Europe,Unlimited settlement permit,1018787,932004
2008-12-31,Europe,Temporary residence permit,389926,465334
2008-12-31,Europe,Temporary residence permit for education purposes,9830,15608
2008-12-31,Europe,Temporary residence permit for employment purposes,16500,6839
2008-12-31,Europe,"Temp.res.perm.for reas.of int.law,hum.,pol.reasons",37671,38947
2008-12-31,Europe,Temporary residence permit for family reasons,190831,269569
2008-12-31,Europe,"Temp.resid.permit f.special reasons,national visas",135094,134371
2008-12-31,Europe,Application for residence title filed,16656,13395
2008-12-31,Europe,Temporary suspension of deportation,21181,18285
2008-12-31,Europe,Permission to reside,2605,1721
2008-12-31,Europe,"No res.title, temp.susp. of dep. or perm.to reside",43231,32288
2008-12-31,Africa,Right of resid. acc.to EU Law on Freedom of Movem.,3060,2232
2008-12-31,Africa,Exempted from requirem. to have a residence title,332,292
2008-12-31,Africa,Unlimited settlement permit,57634,37314
2008-12-31,Africa,Temporary residence permit,65816,59313
2008-12-31,Africa,Temporary residence permit for education purposes,13958,4700
2008-12-31,Africa,Temporary residence permit for employment purposes,2619,1445
2008-12-31,Africa,"Temp.res.perm.for reas.of int.law,hum.,pol.reasons",8872,8571
2008-12-31,Africa,Temporary residence permit for family reasons,30467,36458
2008-12-31,Africa,"Temp.resid.permit f.special reasons,national visas",9900,8139
2008-12-31,Africa,Application for residence title filed,5613,3443
2008-12-31,Africa,Temporary suspension of deportation,8431,3451
2008-12-31,Africa,Permission to reside,2130,1343
2008-12-31,Africa,"No res.title, temp.susp. of dep. or perm.to reside",11019,6061
2008-12-31,America,Right of resid. acc.to EU Law on Freedom of Movem.,3489,5969
2008-12-31,America,Exempted from requirem. to have a residence title,1809,991
2008-12-31,America,Unlimited settlement permit,40890,51867
2008-12-31,America,Temporary residence permit,44161,49150
2008-12-31,America,Temporary residence permit for education purposes,10160,9532
2008-12-31,America,Temporary residence permit for employment purposes,10853,6169
2008-12-31,America,"Temp.res.perm.for reas.of int.law,hum.,pol.reasons",312,382
2008-12-31,America,Temporary residence permit for family reasons,13535,23874
2008-12-31,America,"Temp.resid.permit f.special reasons,national visas",9301,9193
2008-12-31,America,Application for residence title filed,1846,2054
2008-12-31,America,Temporary suspension of deportation,185,191
2008-12-31,America,Permission to reside,46,36
2008-12-31,America,"No res.title, temp.susp. of dep. or perm.to reside",7114,6465
2008-12-31,Asia,Right of resid. acc.to EU Law on Freedom of Movem.,2848,4239
2008-12-31,Asia,Exempted from requirem. to have a residence title,210,259
2008-12-31,Asia,Unlimited settlement permit,125973,154315
2008-12-31,Asia,Temporary residence permit,195536,209226
2008-12-31,Asia,Temporary residence permit for education purposes,39596,33466
2008-12-31,Asia,Temporary residence permit for employment purposes,27944,10319
2008-12-31,Asia,"Temp.res.perm.for reas.of int.law,hum.,pol.reasons",36429,29630
2008-12-31,Asia,Temporary residence permit for family reasons,65048,111003
2008-12-31,Asia,"Temp.resid.permit f.special reasons,national visas",26519,24808
2008-12-31,Asia,Application for residence title filed,12505,10560
2008-12-31,Asia,Temporary suspension of deportation,27553,13505
2008-12-31,Asia,Permission to reside,7127,3240
2008-12-31,Asia,"No res.title, temp.susp. of dep. or perm.to reside",24993,16535
2008-12-31,Australia and Oceania,Right of resid. acc.to EU Law on Freedom of Movem.,253,289
2008-12-31,Australia and Oceania,Exempted from requirem. to have a residence title,22,30
2008-12-31,Australia and Oceania,Unlimited settlement permit,1949,1954
2008-12-31,Australia and Oceania,Temporary residence permit,3066,2480
2008-12-31,Australia and Oceania,Temporary residence permit for education purposes,403,419
2008-12-31,Australia and Oceania,Temporary residence permit for employment purposes,1182,685
2008-12-31,Australia and Oceania,"Temp.res.perm.for reas.of int.law,hum.,pol.reasons",4,10
2008-12-31,Australia and Oceania,Temporary residence permit for family reasons,762,742
2008-12-31,Australia and Oceania,"Temp.resid.permit f.special reasons,national visas",715,624
2008-12-31,Australia and Oceania,Application for residence title filed,127,81
2008-12-31,Australia and Oceania,Temporary suspension of deportation,3,3
2008-12-31,Australia and Oceania,"No res.title, temp.susp. of dep. or perm.to reside",600,348
2009-12-31,Europe,Right of resid. acc.to EU Law on Freedom of Movem.,1251858,1152029
2009-12-31,Europe,Exempted from requirem. to have a residence title,4463,3722
2009-12-31,Europe,Unlimited settlement permit,1027212,951153
2009-12-31,Europe,Temporary residence permit,359324,436906
2009-12-31,Europe,Temporary residence permit for education purposes,9475,15423
2009-12-31,Europe,Temporary residence permit for employment purposes,15669,6725
2009-12-31,Europe,"Temp.res.perm.for reas.of int.law,hum.,pol.reasons",38940,40986
2009-12-31,Europe,Temporary residence permit for family reasons,187620,267014
2009-12-31,Europe,"Temp.resid.permit f.special reasons,national visas",107620,106758
2009-12-31,Europe,Application for residence title filed,17750,14439
2009-12-31,Europe,Temporary suspension of deportation,17543,14740
2009-12-31,Europe,Permission to reside,2968,2010
2009-12-31,Europe,"No res.title, temp.susp. of dep. or perm.to reside",40709,30580
2009-12-31,Africa,Right of resid. acc.to EU Law on Freedom of Movem.,3115,2314
2009-12-31,Africa,Exempted from requirem. to have a residence title,255,238
2009-12-31,Africa,Unlimited settlement permit,58466,38940
2009-12-31,Africa,Temporary residence permit,63968,59484
2009-12-31,Africa,Temporary residence permit for education purposes,13360,4786
2009-12-31,Africa,Temporary residence permit for employment purposes,2372,1570
2009-12-31,Africa,"Temp.res.perm.for reas.of int.law,hum.,pol.reasons",9093,8829
2009-12-31,Africa,Temporary residence permit for family reasons,30904,37724
2009-12-31,Africa,"Temp.resid.permit f.special reasons,national visas",8239,6575
2009-12-31,Africa,Application for residence title filed,5716,3535
2009-12-31,Africa,Temporary suspension of deportation,7563,2909
2009-12-31,Africa,Permission to reside,2916,1673
2009-12-31,Africa,"No res.title, temp.susp. of dep. or perm.to reside",10823,5985
2009-12-31,America,Right of resid. acc.to EU Law on Freedom of Movem.,3673,6338
2009-12-31,America,Exempted from requirem. to have a residence title,1648,851
2009-12-31,America,Unlimited settlement permit,41186,52436
2009-12-31,America,Temporary residence permit,43486,48166
2009-12-31,America,Temporary residence permit for education purposes,10956,10222
2009-12-31,America,Temporary residence permit for employment purposes,10458,6125
2009-12-31,America,"Temp.res.perm.for reas.of int.law,hum.,pol.reasons",330,409
2009-12-31,America,Temporary residence permit for family reasons,14126,23852
2009-12-31,America,"Temp.resid.permit f.special reasons,national visas",7616,7558
2009-12-31,America,Application for residence title filed,1902,2019
2009-12-31,America,Temporary suspension of deportation,179,214
2009-12-31,America,Permission to reside,40,19
2009-12-31,America,"No res.title, temp.susp. of dep. or perm.to reside",6690,6248
2009-12-31,Asia,Right of resid. acc.to EU Law on Freedom of Movem.,3074,4528
2009-12-31,Asia,Exempted from requirem. to have a residence title,193,235
2009-12-31,Asia,Unlimited settlement permit,130284,161417
2009-12-31,Asia,Temporary residence permit,192359,208079
2009-12-31,Asia,Temporary residence permit for education purposes,40640,33993
2009-12-31,Asia,Temporary residence permit for employment purposes,26838,10189
2009-12-31,Asia,"Temp.res.perm.for reas.of int.law,hum.,pol.reasons",39357,31688
2009-12-31,Asia,Temporary residence permit for family reasons,65184,113065
2009-12-31,Asia,"Temp.resid.permit f.special reasons,national visas",20340,19144
2009-12-31,Asia,Application for residence title filed,11895,9758
2009-12-31,Asia,Temporary suspension of deportation,24562,11292
2009-12-31,Asia,Permission to reside,9445,4610
2009-12-31,Asia,"No res.title, temp.susp. of dep. or perm.to reside",24748,15842
2009-12-31,Australia and Oceania,Right of resid. acc.to EU Law on Freedom of Movem.,255,315
2009-12-31,Australia and Oceania,Exempted from requirem. to have a residence title,17,22
2009-12-31,Australia and Oceania,Unlimited settlement permit,1989,1992
2009-12-31,Australia and Oceania,Temporary residence permit,3115,2533
2009-12-31,Australia and Oceania,Temporary residence permit for education purposes,429,485
2009-12-31,Australia and Oceania,Temporary residence permit for employment purposes,1204,722
2009-12-31,Australia and Oceania,"Temp.res.perm.for reas.of int.law,hum.,pol.reasons",2,7
2009-12-31,Australia and Oceania,Temporary residence permit for family reasons,816,770
2009-12-31,Australia and Oceania,"Temp.resid.permit f.special reasons,national visas",664,549
2009-12-31,Australia and Oceania,Application for residence title filed,134,87
2009-12-31,Australia and Oceania,Temporary suspension of deportation,3,3
2009-12-31,Australia and Oceania,"No res.title, temp.susp. of dep. or perm.to reside",583,344
2010-12-31,Europe,Right of resid. acc.to EU Law on Freedom of Movem.,1298915,1180239
2010-12-31,Europe,Exempted from requirem. to have a residence title,3902,3234
2010-12-31,Europe,Unlimited settlement permit,1036752,970845
2010-12-31,Europe,Temporary residence permit,333651,411092
2010-12-31,Europe,Temporary residence permit for education purposes,9202,15299
2010-12-31,Europe,Temporary residence permit for employment purposes,16396,6852
2010-12-31,Europe,"Temp.res.perm.for reas.of int.law,hum.,pol.reasons",40689,43361
2010-12-31,Europe,Temporary residence permit for family reasons,180851,259693
2010-12-31,Europe,"Temp.resid.permit f.special reasons,national visas",86513,85887
2010-12-31,Europe,Application for residence title filed,17079,13766
2010-12-31,Europe,Temporary suspension of deportation,17408,14673
2010-12-31,Europe,Permission to reside,4806,3931
2010-12-31,Europe,"No res.title, temp.susp. of dep. or perm.to reside",36425,27874
2010-12-31,Africa,Right of resid. acc.to EU Law on Freedom of Movem.,3236,2428
2010-12-31,Africa,Exempted from requirem. to have a residence title,225,213
2010-12-31,Africa,Unlimited settlement permit,59215,40421
2010-12-31,Africa,Temporary residence permit,62887,59644
2010-12-31,Africa,Temporary residence permit for education purposes,12751,4950
2010-12-31,Africa,Temporary residence permit for employment purposes,2530,1630
2010-12-31,Africa,"Temp.res.perm.for reas.of int.law,hum.,pol.reasons",9561,8979
2010-12-31,Africa,Temporary residence permit for family reasons,30956,38562
2010-12-31,Africa,"Temp.resid.permit f.special reasons,national visas",7089,5523
2010-12-31,Africa,Application for residence title filed,6035,4238
2010-12-31,Africa,Temporary suspension of deportation,7675,2871
2010-12-31,Africa,Permission to reside,4398,2072
2010-12-31,Africa,"No res.title, temp.susp. of dep. or perm.to reside",9791,5613
2010-12-31,America,Right of resid. acc.to EU Law on Freedom of Movem.,3859,6747
2010-12-31,America,Exempted from requirem. to have a residence title,1601,841
2010-12-31,America,Unlimited settlement permit,41515,53162
2010-12-31,America,Temporary residence permit,43633,48131
2010-12-31,America,Temporary residence permit for education purposes,11401,10649
2010-12-31,America,Temporary residence permit for employment purposes,10543,6378
2010-12-31,America,"Temp.res.perm.for reas.of int.law,hum.,pol.reasons",364,445
2010-12-31,America,Temporary residence permit for family reasons,14722,24061
2010-12-31,America,"Temp.resid.permit f.special reasons,national visas",6603,6598
2010-12-31,America,Application for residence title filed,1959,2056
2010-12-31,America,Temporary suspension of deportation,172,185
2010-12-31,America,Permission to reside,28,16
2010-12-31,America,"No res.title, temp.susp. of dep. or perm.to reside",5864,5425
2010-12-31,Asia,Right of resid. acc.to EU Law on Freedom of Movem.,3321,4830
2010-12-31,Asia,Exempted from requirem. to have a residence title,186,220
2010-12-31,Asia,Unlimited settlement permit,132735,167025
2010-12-31,Asia,Temporary residence permit,192742,208735
2010-12-31,Asia,Temporary residence permit for education purposes,42020,34618
2010-12-31,Asia,Temporary residence permit for employment purposes,27746,10528
2010-12-31,Asia,"Temp.res.perm.for reas.of int.law,hum.,pol.reasons",42248,34137
2010-12-31,Asia,Temporary residence permit for family reasons,64357,114195
2010-12-31,Asia,"Temp.resid.permit f.special reasons,national visas",16371,15257
2010-12-31,Asia,Application for residence title filed,11114,9332
2010-12-31,Asia,Temporary suspension of deportation,23746,10604
2010-12-31,Asia,Permission to reside,13264,6136
2010-12-31,Asia,"No res.title, temp.susp. of dep. or perm.to reside",22907,14681
2010-12-31,Australia and Oceania,Right of resid. acc.to EU Law on Freedom of Movem.,269,331
2010-12-31,Australia and Oceania,Exempted from requirem. to have a residence title,16,20
2010-12-31,Australia and Oceania,Unlimited settlement permit,2059,2015
2010-12-31,Australia and Oceania,Temporary residence permit,3356,2653
2010-12-31,Australia and Oceania,Temporary residence permit for education purposes,482,469
2010-12-31,Australia and Oceania,Temporary residence permit for employment purposes,1289,805
2010-12-31,Australia and Oceania,"Temp.res.perm.for reas.of int.law,hum.,pol.reasons",7,13
2010-12-31,Australia and Oceania,Temporary residence permit for family reasons,894,835
2010-12-31,Australia and Oceania,"Temp.resid.permit f.special reasons,national visas",684,531
2010-12-31,Australia and Oceania,Application for residence title filed,155,83
2010-12-31,Australia and Oceania,Temporary suspension of deportation,3,3
2010-12-31,Australia and Oceania,"No res.title, temp.susp. of dep. or perm.to reside",591,338
2011-12-31,Europe,Right of resid. acc.to EU Law on Freedom of Movem.,1395877,1238614
2011-12-31,Europe,Exempted from requirem. to have a residence title,3477,2874
2011-12-31,Europe,Unlimited settlement permit,1041732,985143
2011-12-31,Europe,Temporary residence permit,299494,374754
2011-12-31,Europe,Temporary residence permit for education purposes,8434,14248
2011-12-31,Europe,Temporary residence permit for employment purposes,16929,7238
2011-12-31,Europe,"Temp.res.perm.for reas.of int.law,hum.,pol.reasons",34516,37452
2011-12-31,Europe,Temporary residence permit for family reasons,173069,249315
2011-12-31,Europe,"Temp.resid.permit f.special reasons,national visas",66546,66501
2011-12-31,Europe,Application for residence title filed,30691,28598
2011-12-31,Europe,Temporary suspension of deportation,17317,14865
2011-12-31,Europe,Permission to reside,5047,3985
2011-12-31,Europe,"No res.title, temp.susp. of dep. or perm.to reside",37214,29464
2011-12-31,Africa,Right of resid. acc.to EU Law on Freedom of Movem.,3420,2581
2011-12-31,Africa,Exempted from requirem. to have a residence title,227,213
2011-12-31,Africa,Unlimited settlement permit,59048,40974
2011-12-31,Africa,Temporary residence permit,59579,57704
2011-12-31,Africa,Temporary residence permit for education purposes,11121,4712
2011-12-31,Africa,Temporary residence permit for employment purposes,2710,1539
2011-12-31,Africa,"Temp.res.perm.for reas.of int.law,hum.,pol.reasons",9811,8646
2011-12-31,Africa,Temporary residence permit for family reasons,29537,37966
2011-12-31,Africa,"Temp.resid.permit f.special reasons,national visas",6400,4841
2011-12-31,Africa,Application for residence title filed,9589,7275
2011-12-31,Africa,Temporary suspension of deportation,8165,2962
2011-12-31,Africa,Permission to reside,4786,2278
2011-12-31,Africa,"No res.title, temp.susp. of dep. or perm.to reside",10588,6245
2011-12-31,America,Right of resid. acc.to EU Law on Freedom of Movem.,4163,7119
2011-12-31,America,Exempted from requirem. to have a residence title,1576,843
2011-12-31,America,Unlimited settlement permit,41891,53309
2011-12-31,America,Temporary residence permit,44597,48383
2011-12-31,America,Temporary residence permit for education purposes,11225,10677
2011-12-31,America,Temporary residence permit for employment purposes,11574,7035
2011-12-31,America,"Temp.res.perm.for reas.of int.law,hum.,pol.reasons",395,467
2011-12-31,America,Temporary residence permit for family reasons,15073,23827
2011-12-31,America,"Temp.resid.permit f.special reasons,national visas",6330,6377
2011-12-31,America,Application for residence title filed,4098,4188
2011-12-31,America,Temporary suspension of deportation,186,194
2011-12-31,America,Permission to reside,57,48
2011-12-31,America,"No res.title, temp.susp. of dep. or perm.to reside",6616,6393
2011-12-31,Asia,Right of resid. acc.to EU Law on Freedom of Movem.,3550,5188
2011-12-31,Asia,Exempted from requirem. to have a residence title,192,228
2011-12-31,Asia,Unlimited settlement permit,135704,171237
2011-12-31,Asia,Temporary residence permit,185043,201712
2011-12-31,Asia,Temporary residence permit for education purposes,39461,32152
2011-12-31,Asia,Temporary residence permit for employment purposes,29552,11384
2011-12-31,Asia,"Temp.res.perm.for reas.of int.law,hum.,pol.reasons",39921,32896
2011-12-31,Asia,Temporary residence permit for family reasons,61477,111676
2011-12-31,Asia,"Temp.resid.permit f.special reasons,national visas",14632,13604
2011-12-31,Asia,Application for residence title filed,21717,18942
2011-12-31,Asia,Temporary suspension of deportation,24189,10563
2011-12-31,Asia,Permission to reside,19870,9731
2011-12-31,Asia,"No res.title, temp.susp. of dep. or perm.to reside",26119,18305
2011-12-31,Australia and Oceania,Right of resid. acc.to EU Law on Freedom of Movem.,300,349
2011-12-31,Australia and Oceania,Exempted from requirem. to have a residence title,20,21
2011-12-31,Australia and Oceania,Unlimited settlement permit,2151,2064
2011-12-31,Australia and Oceania,Temporary residence permit,3695,2938
2011-12-31,Australia and Oceania,Temporary residence permit for education purposes,496,498
2011-12-31,Australia and Oceania,Temporary residence permit for employment purposes,1473,953
2011-12-31,Australia and Oceania,"Temp.res.perm.for reas.of int.law,hum.,pol.reasons",8,14
2011-12-31,Australia and Oceania,Temporary residence permit for family reasons,972,879
2011-12-31,Australia and Oceania,"Temp.resid.permit f.special reasons,national visas",746,594
2011-12-31,Australia and Oceania,Application for residence title filed,271,174
2011-12-31,Australia and Oceania,Temporary suspension of deportation,2,2
2011-12-31,Australia and Oceania,"No res.title, temp.susp. of dep. or perm.to reside",674,411
2012-12-31,Europe,Right of resid. acc.to EU Law on Freedom of Movem.,1533303,1328809
2012-12-31,Europe,Exempted from requirem. to have a residence title,3105,2594
2012-12-31,Europe,Unlimited settlement permit,1046036,1002054
2012-12-31,Europe,Temporary residence permit,279128,353577
2012-12-31,Europe,Temporary residence permit for education purposes,8747,14771
2012-12-31,Europe,Temporary residence permit for employment purposes,18954,8324
2012-12-31,Europe,"Temp.res.perm.for reas.of int.law,hum.,pol.reasons",35981,39084
2012-12-31,Europe,Temporary residence permit for family reasons,164197,240131
2012-12-31,Europe,"Temp.resid.permit f.special reasons,national visas",51249,51267
2012-12-31,Europe,Application for residence title filed,28242,25877
2012-12-31,Europe,Temporary suspension of deportation,18559,15971
2012-12-31,Europe,Permission to reside,7972,6708
2012-12-31,Europe,"No res.title, temp.susp. of dep. or perm.to reside",41975,32992
2012-12-31,Africa,Right of resid. acc.to EU Law on Freedom of Movem.,3738,2939
2012-12-31,Africa,Exempted from requirem. to have a residence title,223,202
2012-12-31,Africa,Unlimited settlement permit,59839,42197
2012-12-31,Africa,Temporary residence permit,62215,60097
2012-12-31,Africa,Temporary residence permit for education purposes,11569,5209
2012-12-31,Africa,Temporary residence permit for employment purposes,3154,1550
2012-12-31,Africa,"Temp.res.perm.for reas.of int.law,hum.,pol.reasons",11915,9603
2012-12-31,Africa,Temporary residence permit for family reasons,29747,39373
2012-12-31,Africa,"Temp.resid.permit f.special reasons,national visas",5830,4362
2012-12-31,Africa,Application for residence title filed,9902,7210
2012-12-31,Africa,Temporary suspension of deportation,8361,2941
2012-12-31,Africa,Permission to reside,6799,3046
2012-12-31,Africa,"No res.title, temp.susp. of dep. or perm.to reside",11530,6715
2012-12-31,America,Right of resid. acc.to EU Law on Freedom of Movem.,4567,7646
2012-12-31,America,Exempted from requirem. to have a residence title,1508,797
2012-12-31,America,Unlimited settlement permit,42624,54015
2012-12-31,America,Temporary residence permit,47399,50587
2012-12-31,America,Temporary residence permit for education purposes,12178,11593
2012-12-31,America,Temporary residence permit for employment purposes,12796,7973
2012-12-31,America,"Temp.res.perm.for reas.of int.law,hum.,pol.reasons",496,548
2012-12-31,America,Temporary residence permit for family reasons,15904,24342
2012-12-31,America,"Temp.resid.permit f.special reasons,national visas",6025,6131
2012-12-31,America,Application for residence title filed,4310,4447
2012-12-31,America,Temporary suspension of deportation,181,171
2012-12-31,America,Permission to reside,96,44
2012-12-31,America,"No res.title, temp.susp. of dep. or perm.to reside",7105,6651
2012-12-31,Asia,Right of resid. acc.to EU Law on Freedom of Movem.,3949,5734
2012-12-31,Asia,Exempted from requirem. to have a residence title,181,215
2012-12-31,Asia,Unlimited settlement permit,140906,177270
2012-12-31,Asia,Temporary residence permit,197620,211840
2012-12-31,Asia,Temporary residence permit for education purposes,44185,35564
2012-12-31,Asia,Temporary residence permit for employment purposes,33366,12842
2012-12-31,Asia,"Temp.res.perm.for reas.of int.law,hum.,pol.reasons",45953,37761
2012-12-31,Asia,Temporary residence permit for family reasons,60791,113278
2012-12-31,Asia,"Temp.resid.permit f.special reasons,national visas",13325,12395
2012-12-31,Asia,Application for residence title filed,20640,17650
2012-12-31,Asia,Temporary suspension of deportation,22746,9229
2012-12-31,Asia,Permission to reside,26874,13199
2012-12-31,Asia,"No res.title, temp.susp. of dep. or perm.to reside",28980,19898
2012-12-31,Australia and Oceania,Right of resid. acc.to EU Law on Freedom of Movem.,324,369
2012-12-31,Australia and Oceania,Exempted from requirem. to have a residence title,21,20
2012-12-31,Australia and Oceania,Unlimited settlement permit,2230,2133
2012-12-31,Australia and Oceania,Temporary residence permit,3998,3156
2012-12-31,Australia and Oceania,Temporary residence permit for education purposes,564,515
2012-12-31,Australia and Oceania,Temporary residence permit for employment purposes,1655,1139
2012-12-31,Australia and Oceania,"Temp.res.perm.for reas.of int.law,hum.,pol.reasons",17,19
2012-12-31,Australia and Oceania,Temporary residence permit for family reasons,1041,884
2012-12-31,Australia and Oceania,"Temp.resid.permit f.special reasons,national visas",721,599
2012-12-31,Australia and Oceania,Application for residence title filed,274,188
2012-12-31,Australia and Oceania,Temporary suspension of deportation,4,3
2012-12-31,Australia and Oceania,"No res.title, temp.susp. of dep. or perm.to reside",677,428
2013-12-31,Europe,Right of resid. acc.to EU Law on Freedom of Movem.,1827986,1569156
2013-12-31,Europe,Exempted from requirem. to have a residence title,2837,2414
2013-12-31,Europe,Unlimited settlement permit,956760,915354
2013-12-31,Europe,Temporary residence permit,247393,323812
2013-12-31,Europe,Temporary residence permit for education purposes,9150,15337
2013-12-31,Europe,Temporary residence permit for employment purposes,15378,8312
2013-12-31,Europe,"Temp.res.perm.for reas.of int.law,hum.,pol.reasons",33738,36950
2013-12-31,Europe,Temporary residence permit for family reasons,146059,220289
2013-12-31,Europe,"Temp.resid.permit f.special reasons,national visas",43068,42924
2013-12-31,Europe,Application for residence title filed,27575,25338
2013-12-31,Europe,Temporary suspension of deportation,22209,19340
2013-12-31,Europe,Permission to reside,15830,13977
2013-12-31,Europe,"No res.title, temp.susp. of dep. or perm.to reside",44878,36937
2013-12-31,Africa,Right of resid. acc.to EU Law on Freedom of Movem.,3458,2806
2013-12-31,Africa,Exempted from requirem. to have a residence title,218,203
2013-12-31,Africa,Unlimited settlement permit,60618,43346
2013-12-31,Africa,Temporary residence permit,65538,62925
2013-12-31,Africa,Temporary residence permit for education purposes,12573,5802
2013-12-31,Africa,Temporary residence permit for employment purposes,3656,1680
2013-12-31,Africa,"Temp.res.perm.for reas.of int.law,hum.,pol.reasons",13306,10211
2013-12-31,Africa,Temporary residence permit for family reasons,30157,41049
2013-12-31,Africa,"Temp.resid.permit f.special reasons,national visas",5846,4183
2013-12-31,Africa,Application for residence title filed,11021,7648
2013-12-31,Africa,Temporary suspension of deportation,9826,3113
2013-12-31,Africa,Permission to reside,18949,6291
2013-12-31,Africa,"No res.title, temp.susp. of dep. or perm.to reside",14387,8230
2013-12-31,America,Right of resid. acc.to EU Law on Freedom of Movem.,3419,6388
2013-12-31,America,Exempted from requirem. to have a residence title,1425,745
2013-12-31,America,Unlimited settlement permit,43258,54574
2013-12-31,America,Temporary residence permit,50681,52832
2013-12-31,America,Temporary residence permit for education purposes,14079,12936
2013-12-31,America,Temporary residence permit for employment purposes,13978,8931
2013-12-31,America,"Temp.res.perm.for reas.of int.law,hum.,pol.reasons",418,531
2013-12-31,America,Temporary residence permit for family reasons,16360,24523
2013-12-31,America,"Temp.resid.permit f.special reasons,national visas",5846,5911
2013-12-31,America,Application for residence title filed,4599,4716
2013-12-31,America,Temporary suspension of deportation,202,151
2013-12-31,America,Permission to reside,125,67
2013-12-31,America,"No res.title, temp.susp. of dep. or perm.to reside",8139,7723
2013-12-31,Asia,Right of resid. acc.to EU Law on Freedom of Movem.,3612,5625
2013-12-31,Asia,Exempted from requirem. to have a residence title,168,202
2013-12-31,Asia,Unlimited settlement permit,144294,182666
2013-12-31,Asia,Temporary residence permit,214215,222186
2013-12-31,Asia,Temporary residence permit for education purposes,49261,38711
2013-12-31,Asia,Temporary residence permit for employment purposes,36049,13574
2013-12-31,Asia,"Temp.res.perm.for reas.of int.law,hum.,pol.reasons",55116,43130
2013-12-31,Asia,Temporary residence permit for family reasons,60702,114988
2013-12-31,Asia,"Temp.resid.permit f.special reasons,national visas",13087,11783
2013-12-31,Asia,Application for residence title filed,22875,19277
2013-12-31,Asia,Temporary suspension of deportation,23604,9421
2013-12-31,Asia,Permission to reside,36124,16687
2013-12-31,Asia,"No res.title, temp.susp. of dep. or perm.to reside",33500,23494
2013-12-31,Australia and Oceania,Right of resid. acc.to EU Law on Freedom of Movem.,201,265
2013-12-31,Australia and Oceania,Exempted from requirem. to have a residence title,19,18
2013-12-31,Australia and Oceania,Unlimited settlement permit,2277,2122
2013-12-31,Australia and Oceania,Temporary residence permit,4295,3400
2013-12-31,Australia and Oceania,Temporary residence permit for education purposes,600,550
2013-12-31,Australia and Oceania,Temporary residence permit for employment purposes,1909,1296
2013-12-31,Australia and Oceania,"Temp.res.perm.for reas.of int.law,hum.,pol.reasons",13,21
2013-12-31,Australia and Oceania,Temporary residence permit for family reasons,1060,931
2013-12-31,Australia and Oceania,"Temp.resid.permit f.special reasons,national visas",713,602
2013-12-31,Australia and Oceania,Application for residence title filed,296,193
2013-12-31,Australia and Oceania,Temporary suspension of deportation,3,2
2013-12-31,Australia and Oceania,"No res.title, temp.susp. of dep. or perm.to reside",733,485
2014-12-31,Europe,Right of resid. acc.to EU Law on Freedom of Movem.,2007793,1699752
2014-12-31,Europe,Exempted from requirem. to have a residence title,2669,2293
2014-12-31,Europe,Unlimited settlement permit,960916,930451
2014-12-31,Europe,Temporary residence permit,233740,308702
2014-12-31,Europe,Temporary residence permit for education purposes,9844,16182
2014-12-31,Europe,Temporary residence permit for employment purposes,16946,9127
2014-12-31,Europe,"Temp.res.perm.for reas.of int.law,hum.,pol.reasons",32901,36378
2014-12-31,Europe,Temporary residence permit for family reasons,133190,207728
2014-12-31,Europe,"Temp.resid.permit f.special reasons,national visas",40859,39287
2014-12-31,Europe,Application for residence title filed,26845,24924
2014-12-31,Europe,Temporary suspension of deportation,28330,24820
2014-12-31,Europe,Permission to reside,25374,22162
2014-12-31,Europe,"No res.title, temp.susp. of dep. or perm.to reside",52513,43630
2014-12-31,Africa,Right of resid. acc.to EU Law on Freedom of Movem.,4102,3520
2014-12-31,Africa,Exempted from requirem. to have a residence title,207,196
2014-12-31,Africa,Unlimited settlement permit,61633,44577
2014-12-31,Africa,Temporary residence permit,69291,66134
2014-12-31,Africa,Temporary residence permit for education purposes,14050,6494
2014-12-31,Africa,Temporary residence permit for employment purposes,3904,1894
2014-12-31,Africa,"Temp.res.perm.for reas.of int.law,hum.,pol.reasons",14546,10847
2014-12-31,Africa,Temporary residence permit for family reasons,30634,42819
2014-12-31,Africa,"Temp.resid.permit f.special reasons,national visas",6157,4080
2014-12-31,Africa,Application for residence title filed,11543,7701
2014-12-31,Africa,Temporary suspension of deportation,13492,3667
2014-12-31,Africa,Permission to reside,37218,11135
2014-12-31,Africa,"No res.title, temp.susp. of dep. or perm.to reside",19369,9960
2014-12-31,America,Right of resid. acc.to EU Law on Freedom of Movem.,3697,6800
2014-12-31,America,Exempted from requirem. to have a residence title,1406,754
2014-12-31,America,Unlimited settlement permit,43775,54986
2014-12-31,America,Temporary residence permit,52740,54049
2014-12-31,America,Temporary residence permit for education purposes,15380,13882
2014-12-31,America,Temporary residence permit for employment purposes,14739,9358
2014-12-31,America,"Temp.res.perm.for reas.of int.law,hum.,pol.reasons",412,520
2014-12-31,America,Temporary residence permit for family reasons,16619,24724
2014-12-31,America,"Temp.resid.permit f.special reasons,national visas",5590,5565
2014-12-31,America,Application for residence title filed,5220,5053
2014-12-31,America,Temporary suspension of deportation,219,177
2014-12-31,America,Permission to reside,145,92
2014-12-31,America,"No res.title, temp.susp. of dep. or perm.to reside",8504,8057
2014-12-31,Asia,Right of resid. acc.to EU Law on Freedom of Movem.,4229,6295
2014-12-31,Asia,Exempted from requirem. to have a residence title,160,204
2014-12-31,Asia,Unlimited settlement permit,149428,188841
2014-12-31,Asia,Temporary residence permit,245375,244035
2014-12-31,Asia,Temporary residence permit for education purposes,54894,42008
2014-12-31,Asia,Temporary residence permit for employment purposes,38354,14676
2014-12-31,Asia,"Temp.res.perm.for reas.of int.law,hum.,pol.reasons",76518,56980
2014-12-31,Asia,Temporary residence permit for family reasons,61886,118863
2014-12-31,Asia,"Temp.resid.permit f.special reasons,national visas",13723,11508
2014-12-31,Asia,Application for residence title filed,25747,20917
2014-12-31,Asia,Temporary suspension of deportation,25723,10142
2014-12-31,Asia,Permission to reside,53651,23187
2014-12-31,Asia,"No res.title, temp.susp. of dep. or perm.to reside",45928,31173
2014-12-31,Australia and Oceania,Right of resid. acc.to EU Law on Freedom of Movem.,238,307
2014-12-31,Australia and Oceania,Exempted from requirem. to have a residence title,14,17
2014-12-31,Australia and Oceania,Unlimited settlement permit,2384,2148
2014-12-31,Australia and Oceania,Temporary residence permit,4406,3492
2014-12-31,Australia and Oceania,Temporary residence permit for education purposes,634,630
2014-12-31,Australia and Oceania,Temporary residence permit for employment purposes,2039,1348
2014-12-31,Australia and Oceania,"Temp.res.perm.for reas.of int.law,hum.,pol.reasons",12,14
2014-12-31,Australia and Oceania,Temporary residence permit for family reasons,1041,930
2014-12-31,Australia and Oceania,"Temp.resid.permit f.special reasons,national visas",680,570
2014-12-31,Australia and Oceania,Application for residence title filed,335,235
2014-12-31,Australia and Oceania,Temporary suspension of deportation,4,3
2014-12-31,Australia and Oceania,"No res.title, temp.susp. of dep. or perm.to reside",706,475
2015-12-31,Europe,Right of resid. acc.to EU Law on Freedom of Movem.,2205237,1848329
2015-12-31,Europe,Exempted from requirem. to have a residence title,2545,2197
2015-12-31,Europe,Unlimited settlement permit,963814,942990
2015-12-31,Europe,Temporary residence permit,223765,297491
2015-12-31,Europe,Temporary residence permit for education purposes,10798,17054
2015-12-31,Europe,Temporary residence permit for employment purposes,19115,10759
2015-12-31,Europe,"Temp.res.perm.for reas.of int.law,hum.,pol.reasons",31471,35303
2015-12-31,Europe,Temporary residence permit for family reasons,121736,196969
2015-12-31,Europe,"Temp.resid.permit f.special reasons,national visas",40645,37406
2015-12-31,Europe,Application for residence title filed,28474,26351
2015-12-31,Europe,Temporary suspension of deportation,39841,33801
2015-12-31,Europe,Permission to reside,45983,37305
2015-12-31,Europe,"No res.title, temp.susp. of dep. or perm.to reside",74074,59231
2015-12-31,Africa,Right of resid. acc.to EU Law on Freedom of Movem.,4632,4283
2015-12-31,Africa,Exempted from requirem. to have a residence title,199,197
2015-12-31,Africa,Unlimited settlement permit,62396,45670
2015-12-31,Africa,Temporary residence permit,75390,69073
2015-12-31,Africa,Temporary residence permit for education purposes,15833,7212
2015-12-31,Africa,Temporary residence permit for employment purposes,4442,2230
2015-12-31,Africa,"Temp.res.perm.for reas.of int.law,hum.,pol.reasons",17799,11515
2015-12-31,Africa,Temporary residence permit for family reasons,31016,44122
2015-12-31,Africa,"Temp.resid.permit f.special reasons,national visas",6300,3994
2015-12-31,Africa,Application for residence title filed,14126,9073
2015-12-31,Africa,Temporary suspension of deportation,18622,4452
2015-12-31,Africa,Permission to reside,52406,15480
2015-12-31,Africa,"No res.title, temp.susp. of dep. or perm.to reside",38285,14764
2015-12-31,America,Right of resid. acc.to EU Law on Freedom of Movem.,3929,7151
2015-12-31,America,Exempted from requirem. to have a residence title,1391,778
2015-12-31,America,Unlimited settlement permit,44465,55362
2015-12-31,America,Temporary residence permit,54342,55717
2015-12-31,America,Temporary residence permit for education purposes,15637,14373
2015-12-31,America,Temporary residence permit for employment purposes,15545,10361
2015-12-31,America,"Temp.res.perm.for reas.of int.law,hum.,pol.reasons",432,546
2015-12-31,America,Temporary residence permit for family reasons,17199,24981
2015-12-31,America,"Temp.resid.permit f.special reasons,national visas",5529,5456
2015-12-31,America,Application for residence title filed,5695,5657
2015-12-31,America,Temporary suspension of deportation,227,199
2015-12-31,America,Permission to reside,191,116
2015-12-31,America,"No res.title, temp.susp. of dep. or perm.to reside",8591,8018
2015-12-31,Asia,Right of resid. acc.to EU Law on Freedom of Movem.,4789,6973
2015-12-31,Asia,Exempted from requirem. to have a residence title,148,198
2015-12-31,Asia,Unlimited settlement permit,154896,194431
2015-12-31,Asia,Temporary residence permit,312862,282695
2015-12-31,Asia,Temporary residence permit for education purposes,61081,46161
2015-12-31,Asia,Temporary residence permit for employment purposes,40796,16442
2015-12-31,Asia,"Temp.res.perm.for reas.of int.law,hum.,pol.reasons",128339,78517
2015-12-31,Asia,Temporary residence permit for family reasons,67759,129964
2015-12-31,Asia,"Temp.resid.permit f.special reasons,national visas",14887,11611
2015-12-31,Asia,Application for residence title filed,35080,26640
2015-12-31,Asia,Temporary suspension of deportation,38851,12344
2015-12-31,Asia,Permission to reside,134575,51104
2015-12-31,Asia,"No res.title, temp.susp. of dep. or perm.to reside",164369,79223
2015-12-31,Australia and Oceania,Right of resid. acc.to EU Law on Freedom of Movem.,258,331
2015-12-31,Australia and Oceania,Exempted from requirem. to have a residence title,13,18
2015-12-31,Australia and Oceania,Unlimited settlement permit,2475,2213
2015-12-31,Australia and Oceania,Temporary residence permit,4814,3768
2015-12-31,Australia and Oceania,Temporary residence permit for education purposes,713,650
2015-12-31,Australia and Oceania,Temporary residence permit for employment purposes,2293,1532
2015-12-31,Australia and Oceania,"Temp.res.perm.for reas.of int.law,hum.,pol.reasons",16,17
2015-12-31,Australia and Oceania,Temporary residence permit for family reasons,1166,1020
2015-12-31,Australia and Oceania,"Temp.resid.permit f.special reasons,national visas",626,549
2015-12-31,Australia and Oceania,Application for residence title filed,401,297
2015-12-31,Australia and Oceania,Temporary suspension of deportation,3,2
2015-12-31,Australia and Oceania,"No res.title, temp.susp. of dep. or perm.to reside",733,483
2016-12-31,Europe,Right of resid. acc.to EU Law on Freedom of Movem.,2355575,1972080
2016-12-31,Europe,Exempted from requirem. to have a residence title,2485,2155
2016-12-31,Europe,Unlimited settlement permit,959975,947710
2016-12-31,Europe,Temporary residence permit,232000,298040
2016-12-31,Europe,Temporary residence permit for education purposes,11490,17200
2016-12-31,Europe,Temporary residence permit for employment purposes,28905,13465
2016-12-31,Europe,"Temp.res.perm.for reas.of int.law,hum.,pol.reasons",31920,35795
2016-12-31,Europe,Temporary residence permit for family reasons,118085,194650
2016-12-31,Europe,"Temp.resid.permit f.special reasons,national visas",41605,36930
2016-12-31,Europe,Application for residence title filed,29075,26195
2016-12-31,Europe,Temporary suspension of deportation,37555,32975
2016-12-31,Europe,Permission to reside,31100,25610
2016-12-31,Europe,"No res.title, temp.susp. of dep. or perm.to reside",68170,53275
2016-12-31,Africa,Right of resid. acc.to EU Law on Freedom of Movem.,5295,5085
2016-12-31,Africa,Exempted from requirem. to have a residence title,200,195
2016-12-31,Africa,Unlimited settlement permit,63355,46795
2016-12-31,Africa,Temporary residence permit,97330,79330
2016-12-31,Africa,Temporary residence permit for education purposes,17385,7915
2016-12-31,Africa,Temporary residence permit for employment purposes,5160,2795
2016-12-31,Africa,"Temp.res.perm.for reas.of int.law,hum.,pol.reasons",34950,17315
2016-12-31,Africa,Temporary residence permit for family reasons,32710,47130
2016-12-31,Africa,"Temp.resid.permit f.special reasons,national visas",7125,4170
2016-12-31,Africa,Application for residence title filed,16205,10250
2016-12-31,Africa,Temporary suspension of deportation,21780,5050
2016-12-31,Africa,Permission to reside,81480,26300
2016-12-31,Africa,"No res.title, temp.susp. of dep. or perm.to reside",36595,15295
2016-12-31,America,Right of resid. acc.to EU Law on Freedom of Movem.,4300,7635
2016-12-31,America,Exempted from requirem. to have a residence title,1370,790
2016-12-31,America,Unlimited settlement permit,45330,55820
2016-12-31,America,Temporary residence permit,55605,57760
2016-12-31,America,Temporary residence permit for education purposes,15030,14160
2016-12-31,America,Temporary residence permit for employment purposes,16880,11505
2016-12-31,America,"Temp.res.perm.for reas.of int.law,hum.,pol.reasons",455,525
2016-12-31,America,Temporary residence permit for family reasons,17860,26230
2016-12-31,America,"Temp.resid.permit f.special reasons,national visas",5385,5340
2016-12-31,America,Application for residence title filed,5880,5940
2016-12-31,America,Temporary suspension of deportation,230,210
2016-12-31,America,Permission to reside,345,225
2016-12-31,America,"No res.title, temp.susp. of dep. or perm.to reside",9525,8885
2016-12-31,Asia,Right of resid. acc.to EU Law on Freedom of Movem.,5515,7730
2016-12-31,Asia,Exempted from requirem. to have a residence title,150,205
2016-12-31,Asia,Unlimited settlement permit,160830,200375
2016-12-31,Asia,Temporary residence permit,526090,411225
2016-12-31,Asia,Temporary residence permit for education purposes,65065,49545
2016-12-31,Asia,Temporary residence permit for employment purposes,44970,19145
2016-12-31,Asia,"Temp.res.perm.for reas.of int.law,hum.,pol.reasons",314445,171190
2016-12-31,Asia,Temporary residence permit for family reasons,85135,159365
2016-12-31,Asia,"Temp.resid.permit f.special reasons,national visas",16475,11975
2016-12-31,Asia,Application for residence title filed,58555,43870
2016-12-31,Asia,Temporary suspension of deportation,36610,13555
2016-12-31,Asia,Permission to reside,264230,114380
2016-12-31,Asia,"No res.title, temp.susp. of dep. or perm.to reside",145160,88850
2016-12-31,Australia and Oceania,Right of resid. acc.to EU Law on Freedom of Movem.,280,355
2016-12-31,Australia and Oceania,Exempted from requirem. to have a residence title,10,15
2016-12-31,Australia and Oceania,Unlimited settlement permit,2590,2295
2016-12-31,Australia and Oceania,Temporary residence permit,5250,4055
2016-12-31,Australia and Oceania,Temporary residence permit for education purposes,780,680
2016-12-31,Australia and Oceania,Temporary residence permit for employment purposes,2615,1755
2016-12-31,Australia and Oceania,"Temp.res.perm.for reas.of int.law,hum.,pol.reasons",15,10
2016-12-31,Australia and Oceania,Temporary residence permit for family reasons,1235,1065
2016-12-31,Australia and Oceania,"Temp.resid.permit f.special reasons,national visas",605,540
2016-12-31,Australia and Oceania,Application for residence title filed,435,300
2016-12-31,Australia and Oceania,Temporary suspension of deportation,5,5
2016-12-31,Australia and Oceania,Permission to reside,10,5
2016-12-31,Australia and Oceania,"No res.title, temp.susp. of dep. or perm.to reside",715,490
2017-12-31,Europe,Right of resid. acc.to EU Law on Freedom of Movem.,2606515,2149740
2017-12-31,Europe,Exempted from requirem. to have a residence title,2450,2115
2017-12-31,Europe,Unlimited settlement permit,952535,946560
2017-12-31,Europe,Temporary residence permit,253370,305755
2017-12-31,Europe,Temporary residence permit for education purposes,11865,16770
2017-12-31,Europe,Temporary residence permit for employment purposes,46260,18095
2017-12-31,Europe,"Temp.res.perm.for reas.of int.law,hum.,pol.reasons",34075,37955
2017-12-31,Europe,Temporary residence permit for family reasons,119090,196310
2017-12-31,Europe,"Temp.resid.permit f.special reasons,national visas",42080,36625
2017-12-31,Europe,Application for residence title filed,33780,30415
2017-12-31,Europe,Temporary suspension of deportation,33220,29300
2017-12-31,Europe,Permission to reside,24525,19190
2017-12-31,Europe,"No res.title, temp.susp. of dep. or perm.to reside",66035,51810
2017-12-31,Africa,Right of resid. acc.to EU Law on Freedom of Movem.,5735,5685
2017-12-31,Africa,Exempted from requirem. to have a residence title,195,195
2017-12-31,Africa,Unlimited settlement permit,63130,46890
2017-12-31,Africa,Temporary residence permit,122665,95740
2017-12-31,Africa,Temporary residence permit for education purposes,17540,8180
2017-12-31,Africa,Temporary residence permit for employment purposes,6040,3345
2017-12-31,Africa,"Temp.res.perm.for reas.of int.law,hum.,pol.reasons",56940,29945
2017-12-31,Africa,Temporary residence permit for family reasons,34825,49965
2017-12-31,Africa,"Temp.resid.permit f.special reasons,national visas",7320,4310
2017-12-31,Africa,Application for residence title filed,19710,12990
2017-12-31,Africa,Temporary suspension of deportation,29200,6985
2017-12-31,Africa,Permission to reside,65530,21295
2017-12-31,Africa,"No res.title, temp.susp. of dep. or perm.to reside",29215,14225
2017-12-31,America,Right of resid. acc.to EU Law on Freedom of Movem.,4565,8090
2017-12-31,America,Exempted from requirem. to have a residence title,1335,790
2017-12-31,America,Unlimited settlement permit,45955,55830
2017-12-31,America,Temporary residence permit,57945,60335
2017-12-31,America,Temporary residence permit for education purposes,15085,14395
2017-12-31,America,Temporary residence permit for employment purposes,18320,12575
2017-12-31,America,"Temp.res.perm.for reas.of int.law,hum.,pol.reasons",560,590
2017-12-31,America,Temporary residence permit for family reasons,18555,27335
2017-12-31,America,"Temp.resid.permit f.special reasons,national visas",5420,5440
2017-12-31,America,Application for residence title filed,6965,7100
2017-12-31,America,Temporary suspension of deportation,295,250
2017-12-31,America,Permission to reside,410,260
2017-12-31,America,"No res.title, temp.susp. of dep. or perm.to reside",10920,10375
2017-12-31,Asia,Right of resid. acc.to EU Law on Freedom of Movem.,6260,8335
2017-12-31,Asia,Exempted from requirem. to have a residence title,150,205
2017-12-31,Asia,Unlimited settlement permit,162025,202010
2017-12-31,Asia,Temporary residence permit,694305,540675
2017-12-31,Asia,Temporary residence permit for education purposes,64830,50150
2017-12-31,Asia,Temporary residence permit for employment purposes,49720,22050
2017-12-31,Asia,"Temp.res.perm.for reas.of int.law,hum.,pol.reasons",458910,266850
2017-12-31,Asia,Temporary residence permit for family reasons,102995,189395
2017-12-31,Asia,"Temp.resid.permit f.special reasons,national visas",17855,12230
2017-12-31,Asia,Application for residence title filed,70790,54235
2017-12-31,Asia,Temporary suspension of deportation,43605,16335
2017-12-31,Asia,Permission to reside,162845,67330
2017-12-31,Asia,"No res.title, temp.susp. of dep. or perm.to reside",93590,61720
2017-12-31,Australia and Oceania,Right of resid. acc.to EU Law on Freedom of Movem.,285,380
2017-12-31,Australia and Oceania,Exempted from requirem. to have a residence title,25,15
2017-12-31,Australia and Oceania,Unlimited settlement permit,2670,2345
2017-12-31,Australia and Oceania,Temporary residence permit,5360,4200
2017-12-31,Australia and Oceania,Temporary residence permit for education purposes,760,630
2017-12-31,Australia and Oceania,Temporary residence permit for employment purposes,2790,1925
2017-12-31,Australia and Oceania,"Temp.res.perm.for reas.of int.law,hum.,pol.reasons",15,20
2017-12-31,Australia and Oceania,Temporary residence permit for family reasons,1230,1120
2017-12-31,Australia and Oceania,"Temp.resid.permit f.special reasons,national visas",565,505
2017-12-31,Australia and Oceania,Application for residence title filed,525,315
2017-12-31,Australia and Oceania,"No res.title, temp.susp. of dep. or perm.to reside",730,495
2018-12-31,Europe,Right of resid. acc.to EU Law on Freedom of Movem.,2665590,2222985
2018-12-31,Europe,Exempted from requirem. to have a residence title,2195,1890
2018-12-31,Europe,Unlimited settlement permit,937345,934790
2018-12-31,Europe,Temporary residence permit,275460,316355
2018-12-31,Europe,Temporary residence permit for education purposes,12755,17670
2018-12-31,Europe,Temporary residence permit for employment purposes,63765,23230
2018-12-31,Europe,"Temp.res.perm.for reas.of int.law,hum.,pol.reasons",38155,41675
2018-12-31,Europe,Temporary residence permit for family reasons,123235,202885
2018-12-31,Europe,"Temp.resid.permit f.special reasons,national visas",37555,30900
2018-12-31,Europe,Application for residence title filed,36610,32240
2018-12-31,Europe,Temporary suspension of deportation,29875,26120
2018-12-31,Europe,Permission to reside,22025,16525
2018-12-31,Europe,"No res.title, temp.susp. of dep. or perm.to reside",65740,50865
2018-12-31,Africa,Right of resid. acc.to EU Law on Freedom of Movem.,6210,6325
2018-12-31,Africa,Exempted from requirem. to have a residence title,195,195
2018-12-31,Africa,Unlimited settlement permit,63860,47390
2018-12-31,Africa,Temporary residence permit,141315,111095
2018-12-31,Africa,Temporary residence permit for education purposes,19525,9430
2018-12-31,Africa,Temporary residence permit for employment purposes,7255,4210
2018-12-31,Africa,"Temp.res.perm.for reas.of int.law,hum.,pol.reasons",69585,39620
2018-12-31,Africa,Temporary residence permit for family reasons,37155,53430
2018-12-31,Africa,"Temp.resid.permit f.special reasons,national visas",7800,4410
2018-12-31,Africa,Application for residence title filed,21075,13735
2018-12-31,Africa,Temporary suspension of deportation,33120,8505
2018-12-31,Africa,Permission to reside,50740,20015
2018-12-31,Africa,"No res.title, temp.susp. of dep. or perm.to reside",30865,15475
2018-12-31,America,Right of resid. acc.to EU Law on Freedom of Movem.,4860,8705
2018-12-31,America,Exempted from requirem. to have a residence title,1390,900
2018-12-31,America,Unlimited settlement permit,46730,55970
2018-12-31,America,Temporary residence permit,61445,64820
2018-12-31,America,Temporary residence permit for education purposes,15720,15710
2018-12-31,America,Temporary residence permit for employment purposes,20430,14295
2018-12-31,America,"Temp.res.perm.for reas.of int.law,hum.,pol.reasons",660,685
2018-12-31,America,Temporary residence permit for family reasons,19315,28790
2018-12-31,America,"Temp.resid.permit f.special reasons,national visas",5315,5345
2018-12-31,America,Application for residence title filed,7630,7915
2018-12-31,America,Temporary suspension of deportation,345,325
2018-12-31,America,Permission to reside,535,400
2018-12-31,America,"No res.title, temp.susp. of dep. or perm.to reside",11120,10490
2018-12-31,Asia,Right of resid. acc.to EU Law on Freedom of Movem.,7190,9215
2018-12-31,Asia,Exempted from requirem. to have a residence title,205,215
2018-12-31,Asia,Unlimited settlement permit,165740,204815
2018-12-31,Asia,Temporary residence permit,768185,610620
2018-12-31,Asia,Temporary residence permit for education purposes,71035,55525
2018-12-31,Asia,Temporary residence permit for employment purposes,55930,25830
2018-12-31,Asia,"Temp.res.perm.for reas.of int.law,hum.,pol.reasons",510280,310760
2018-12-31,Asia,Temporary residence permit for family reasons,111350,205490
2018-12-31,Asia,"Temp.resid.permit f.special reasons,national visas",19590,13015
2018-12-31,Asia,Application for residence title filed,75545,58490
2018-12-31,Asia,Temporary suspension of deportation,53605,20645
2018-12-31,Asia,Permission to reside,126040,54485
2018-12-31,Asia,"No res.title, temp.susp. of dep. or perm.to reside",84735,58235
2018-12-31,Australia and Oceania,Right of resid. acc.to EU Law on Freedom of Movem.,295,385
2018-12-31,Australia and Oceania,Exempted from requirem. to have a residence title,25,15
2018-12-31,Australia and Oceania,Unlimited settlement permit,2780,2375
2018-12-31,Australia and Oceania,Temporary residence permit,5550,4335
2018-12-31,Australia and Oceania,Temporary residence permit for education purposes,760,675
2018-12-31,Australia and Oceania,Temporary residence permit for employment purposes,2945,2020
2018-12-31,Australia and Oceania,"Temp.res.perm.for reas.of int.law,hum.,pol.reasons",20,15
2018-12-31,Australia and Oceania,Temporary residence permit for family reasons,1280,1135
2018-12-31,Australia and Oceania,"Temp.resid.permit f.special reasons,national visas",540,490
2018-12-31,Australia and Oceania,Application for residence title filed,510,325
2018-12-31,Australia and Oceania,"No res.title, temp.susp. of dep. or perm.to reside",705,490
2019-12-31,Europe,Right of resid. acc.to EU Law on Freedom of Movem.,2711525,2280645
2019-12-31,Europe,Exempted from requirem. to have a residence title,2175,1865
2019-12-31,Europe,Unlimited settlement permit,928995,934400
2019-12-31,Europe,Temporary residence permit,302335,332270
2019-12-31,Europe,Temporary residence permit for education purposes,12985,17790
2019-12-31,Europe,Temporary residence permit for employment purposes,81990,28075
2019-12-31,Europe,"Temp.res.perm.for reas.of int.law,hum.,pol.reasons",42230,45185
2019-12-31,Europe,Temporary residence permit for family reasons,127765,210735
2019-12-31,Europe,"Temp.resid.permit f.special reasons,national visas",37365,30490
2019-12-31,Europe,Application for residence title filed,44905,38545
2019-12-31,Europe,Temporary suspension of deportation,28635,24980
2019-12-31,Europe,Permission to reside,22615,15745
2019-12-31,Europe,"No res.title, temp.susp. of dep. or perm.to reside",67960,52235
2019-12-31,Africa,Right of resid. acc.to EU Law on Freedom of Movem.,6705,6865
2019-12-31,Africa,Exempted from requirem. to have a residence title,195,195
2019-12-31,Africa,Unlimited settlement permit,65755,48155
2019-12-31,Africa,Temporary residence permit,152635,122975
2019-12-31,Africa,Temporary residence permit for education purposes,21770,11025
2019-12-31,Africa,Temporary residence permit for employment purposes,8580,4940
2019-12-31,Africa,"Temp.res.perm.for reas.of int.law,hum.,pol.reasons",74610,45175
2019-12-31,Africa,Temporary residence permit for family reasons,39235,57230
2019-12-31,Africa,"Temp.resid.permit f.special reasons,national visas",8440,4605
2019-12-31,Africa,Application for residence title filed,23510,15820
2019-12-31,Africa,Temporary suspension of deportation,38090,10810
2019-12-31,Africa,Permission to reside,43340,20545
2019-12-31,Africa,"No res.title, temp.susp. of dep. or perm.to reside",29260,16080
2019-12-31,America,Right of resid. acc.to EU Law on Freedom of Movem.,5315,9365
2019-12-31,America,Exempted from requirem. to have a residence title,1440,970
2019-12-31,America,Unlimited settlement permit,47850,56465
2019-12-31,America,Temporary residence permit,64190,68510
2019-12-31,America,Temporary residence permit for education purposes,15840,16240
2019-12-31,America,Temporary residence permit for employment purposes,22040,15935
2019-12-31,America,"Temp.res.perm.for reas.of int.law,hum.,pol.reasons",780,810
2019-12-31,America,Temporary residence permit for family reasons,20275,30240
2019-12-31,America,"Temp.resid.permit f.special reasons,national visas",5255,5285
2019-12-31,America,Application for residence title filed,8585,9205
2019-12-31,America,Temporary suspension of deportation,450,370
2019-12-31,America,Permission to reside,1215,935
2019-12-31,America,"No res.title, temp.susp. of dep. or perm.to reside",11090,10755
2019-12-31,Asia,Right of resid. acc.to EU Law on Freedom of Movem.,7745,9895
2019-12-31,Asia,Exempted from requirem. to have a residence title,255,235
2019-12-31,Asia,Unlimited settlement permit,175070,209705
2019-12-31,Asia,Temporary residence permit,809265,660020
2019-12-31,Asia,Temporary residence permit for education purposes,75755,58470
2019-12-31,Asia,Temporary residence permit for employment purposes,61830,29860
2019-12-31,Asia,"Temp.res.perm.for reas.of int.law,hum.,pol.reasons",533155,339600
2019-12-31,Asia,Temporary residence permit for family reasons,117085,218200
2019-12-31,Asia,"Temp.resid.permit f.special reasons,national visas",21445,13895
2019-12-31,Asia,Application for residence title filed,86430,69790
2019-12-31,Asia,Temporary suspension of deportation,66825,25110
2019-12-31,Asia,Permission to reside,102920,50355
2019-12-31,Asia,"No res.title, temp.susp. of dep. or perm.to reside",79400,55300
2019-12-31,Australia and Oceania,Right of resid. acc.to EU Law on Freedom of Movem.,295,385
2019-12-31,Australia and Oceania,Exempted from requirem. to have a residence title,35,20
2019-12-31,Australia and Oceania,Unlimited settlement permit,2905,2470
2019-12-31,Australia and Oceania,Temporary residence permit,5785,4295
2019-12-31,Australia and Oceania,Temporary residence permit for education purposes,740,660
2019-12-31,Australia and Oceania,Temporary residence permit for employment purposes,3160,2030
2019-12-31,Australia and Oceania,"Temp.res.perm.for reas.of int.law,hum.,pol.reasons",15,20
2019-12-31,Australia and Oceania,Temporary residence permit for family reasons,1330,1125
2019-12-31,Australia and Oceania,"Temp.resid.permit f.special reasons,national visas",535,465
2019-12-31,Australia and Oceania,Application for residence title filed,565,395
2019-12-31,Australia and Oceania,"No res.title, temp.susp. of dep. or perm.to reside",720,470
